(838) 452-3607,Sheppard
(949) 479-3377,Stanton
(968) 543-3792,Carlson
(931) 526-2489,Lee
(964) 426-2385,Rogers
(803) 486-3585,Mcclain
(965) 454-2334,Holloway
(905) 596-2564,Fleming
(999) 584-2257,Benton
(859) 568-2505,Moore
(852) 410-2304,Lane
(956) 516-2365,Lucas
(823) 421-2585,Dotson
(870) 491-2651,Solis
(801) 531-3191,Meadows
(876) 559-3960,Walls
(948) 522-2565,Short
(811) 415-2959,Frost
(996) 578-3511,Fields
(873) 515-3434,Holmes
(857) 435-4000,Weeks
(906) 491-3833,Erickson
(943) 581-3942,Carpenter
(960) 546-3286,Nicholson
(886) 462-2473,Ewing
(869) 482-3402,Le
(917) 449-3182,Joseph
(919) 549-2359,Mccarthy
(878) 401-2664,Sweeney
(856) 557-3406,Knight
(801) 556-3387,Anthony
(928) 449-2768,Hickman
(837) 486-3697,Oneill
(841) 590-3998,Conner
(936) 446-3756,Mack
(875) 464-2200,Lloyd
(962) 511-2611,Prince
(887) 579-2495,Goodman
(854) 559-3312,Howell
(926) 465-3234,Bowen
(983) 598-3320,Bradshaw
(925) 428-3086,Estrada
(841) 506-3710,Palmer
(981) 539-3019,Freeman
(920) 572-3961,Salazar
(829) 456-3625,Macias
(864) 502-2661,Russell
(900) 558-3770,Pollard
(887) 593-3718,Mays
(928) 535-2436,Workman
(945) 558-3145,Branch
(824) 472-3995,Goff
(828) 448-3565,Hull
(876) 577-2162,Stewart
(949) 427-2544,William
(824) 562-3222,Alvarado
(941) 531-3963,Abbott
(916) 460-2001,Pennington
(980) 401-3053,Hanson
(934) 511-2125,Olsen
(812) 403-3141,Shaffer
(838) 502-3457,Hendrix
(853) 513-3759,Allison
(868) 416-3473,Horne
(899) 430-3493,Donaldson
(817) 518-2401,Atkinson
(825) 549-2667,Gregory
(876) 491-3829,Best
(814) 578-3840,Shaw
(868) 425-2649,Terry
(872) 414-2211,Forbes
(985) 446-3967,Sellers
(973) 523-2308,Holden
(858) 469-3836,George
(983) 513-3244,Rivas
(842) 538-3707,Moreno
(957) 569-3398,Reeves
(835) 589-2146,Walton
(927) 570-3107,York
(935) 453-3393,Mckee
(989) 510-3792,Ayala
(999) 470-2008,Pitts
(978) 478-2173,Berry
(957) 409-2518,Cooke
(998) 421-3344,Clements
(845) 416-2446,Flowers
(955) 461-3475,Hicks
(959) 490-3303,Sawyer
(952) 544-2748,Dodson
(945) 536-3916,Huber
(968) 524-2214,Garrett
(976) 530-2700,Maddox
(837) 581-2526,Higgins
(938) 551-2451,Ford
(834) 518-3037,Beard
(902) 444-3110,Soto
(812) 483-2889,Brooks
(826) 556-2802,Avila
(883) 537-3530,Vaughn
(927) 446-3823,Mcdaniel
(848) 408-2749,Sloan
(801) 509-2939,Barr