(850) 530-2771,Mullen
(973) 517-3534,Woods
(964) 489-2152,Short
(959) 590-3528,Justice
(853) 562-3956,Velazquez
(812) 503-2951,Russo
(906) 479-2749,Mcintyre
(826) 596-2035,Head
(868) 482-2494,Gentry
(991) 419-3377,Turner
(839) 538-3138,Raymond
(864) 509-2573,Holt
(901) 468-3614,Fox
(904) 428-2334,Drake
(944) 544-2603,Franks
(997) 498-2446,David
(870) 558-2173,Rosa
(886) 578-3936,Meadows
(987) 595-3997,Reed
(886) 478-2170,Carr
(875) 565-3964,Wilson
(957) 594-2970,Rios
(845) 565-3875,Castillo
(945) 575-2489,Marquez
(896) 402-2181,Kent
(843) 576-3458,Pittman
(934) 557-3751,Wells
(819) 491-2860,Higgins
(971) 489-2555,Mckee
(903) 473-2869,Shepard
(947) 519-2363,Hines
(850) 444-3604,Eaton
(923) 513-2961,Barber
(873) 404-3685,Russell
(951) 453-2362,Perkins
(846) 528-3189,Abbott
(944) 504-3520,Coffey
(906) 471-2505,Ryan
(853) 597-2481,Hooper
(919) 473-2218,Rocha
(915) 442-3297,Hayden
(979) 439-3013,Carpenter
(806) 498-2397,Gill
(997) 433-2699,Leon
(902) 531-3784,Roberson
(946) 510-2749,Shaffer
(988) 578-3202,Booker
(981) 409-3742,Bentley
(928) 447-3166,Palmer
(842) 562-3899,Delacruz
(819) 567-2512,Morton
(913) 483-3343,Dyer
(845) 562-3892,Shelton
(975) 586-2673,Moran
(843) 585-2048,Frazier
(878) 505-2311,Howard
(940) 566-2874,Copeland
(935) 485-3981,Livingston
(950) 525-2210,Pena
(826) 455-3232,Snyder
(830) 520-3654,Knapp
(909) 572-3273,Washington
(868) 413-3672,Walters
(958) 475-2139,Hewitt
(830) 576-2588,Ewing
(900) 463-3935,Casey
(913) 410-3324,Dawson
(812) 555-3387,Conrad
(949) 461-2672,Green
(925) 447-2931,Madden
(912) 434-2237,Villarreal
(811) 528-2960,Huber
(978) 516-2275,Welch
(934) 538-2869,Richards
(881) 566-2378,Fletcher
(859) 541-3421,Herring
(965) 459-3338,Fowler
(862) 546-3545,Shannon
(976) 589-2011,Britt
(861) 538-2290,Mcdaniel
(974) 438-2185,Jones
(857) 535-2147,Adkins
(831) 523-3432,Robinson
(823) 474-3212,Larsen
(801) 422-2823,Buckley
(869) 567-3250,Franco
(960) 530-2116,Alford
(993) 542-3256,Holland
(800) 422-2431,Hopper
(984) 486-2454,Pickett
(926) 538-3311,Decker
(872) 404-3740,Mooney
(837) 548-2760,Mccoy
(969) 498-2796,Preston
(967) 441-2181,Herrera
(870) 528-3968,Dillon
(882) 588-2361,Goodwin
(862) 548-3957,Jacobs
(971) 455-3675,Gutierrez
(997) 425-3959,Cannon
(850) 433-2552,Pope
(932) 426-3123,Nieves
